{"frames":{"playerIdle0.png":{"frame":{"x":0,"y":0,"w":37,"h":32},"rotated":false,"trimmed":false,"spriteSourceSize":{"x":0,"y":0,"w":37,"h":32},"sourceSize":{"w":37,"h":32}},"playerIdle1.png":{"frame":{"x":37,"y":0,"w":37,"h":32},"rotated":false,"trimmed":false,"spriteSourceSize":{"x":0,"y":0,"w":37,"h":32},"sourceSize":{"w":37,"h":32}},"playerIdle2.png":{"frame":{"x":74,"y":0,"w":37,"h":32},"rotated":false,"trimmed":false,"spriteSourceSize":{"x":0,"y":0,"w":37,"h":32},"sourceSize":{"w":37,"h":32}},"playerIdle3.png":{"frame":{"x":0,"y":32,"w":37,"h":32},"rotated":false,"trimmed":false,"spriteSourceSize":{"x":0,"y":0,"w":37,"h":32},"sourceSize":{"w":37,"h":32}},"playerIdle4.png":{"frame":{"x":37,"y":32,"w":37,"h":32},"rotated":false,"trimmed":false,"spriteSourceSize":{"x":0,"y":0,"w":37,"h":32},"sourceSize":{"w":37,"h":32}},"playerIdle5.png":{"frame":{"x":74,"y":32,"w":37,"h":32},"rotated":false,"trimmed":false,"spriteSourceSize":{"x":0,"y":0,"w":37,"h":32},"sourceSize":{"w":37,"h":32}},"playerIdle6.png":{"frame":{"x":0,"y":64,"w":37,"h":32},"rotated":false,"trimmed":false,"spriteSourceSize":{"x":0,"y":0,"w":37,"h":32},"sourceSize":{"w":37,"h":32}},"playerIdle7.png":{"frame":{"x":37,"y":64,"w":37,"h":32},"rotated":false,"trimmed":false,"spriteSourceSize":{"x":0,"y":0,"w":37,"h":32},"sourceSize":{"w":37,"h":32}},"playerIdle8.png":{"frame":{"x":74,"y":64,"w":37,"h":32},"rotated":false,"trimmed":false,"spriteSourceSize":{"x":0,"y":0,"w":37,"h":32},"sourceSize":{"w":37,"h":32}}},"meta":{"app":"https://github.com/piskelapp/piskel/","version":"1.0","image":"playerIdle.png","format":"RGBA8888","size":{"w":111,"h":96}}}